Movie Name,Year,Score,Critics Consensus,Directors,Cast,Adjusted Score,Synopsis
Running Scared,1986,57,"Running Scared struggles to strike a consistent balance between violent action and humor, but the chemistry between its well-matched leads keeps things entertaining.",Peter Hyams,"Gregory Hines, Billy Crystal, Jimmy Smits, Steven Bauer",58.276,"Ray and Danny (Gregory Hines, Billy Crystal) are two Chicago police detectives hot on the trail of drug kingpin Julio... [More]"
Equilibrium,2002,41,Equilibrium is a reheated mishmash of other sci-fi movies.,Kurt Wimmer,"Christian Bale, Emily Watson, Taye Diggs, Angus Macfadyen",42.451,"In a futuristic world, a regime has eliminated war by suppressing emotions: books, art and music are strictly forbidden and... [More]"
Hero,2002,94,"With death-defying action sequences and epic historic sweep, Hero offers everything a martial arts fan could ask for.",Zhang Yimou,"Jet Li, Tony Leung Chiu Wai, Maggie Cheung Man-yuk, Donnie Yen",101.761,"In this visually arresting martial arts epic set in ancient China, an unnamed fighter (Jet Li) is being honored for... [More]"
Road House,1989,40,Whether Road House is simply bad or so bad it's good depends largely on the audience's fondness for Swayze -- and tolerance for violently cheesy action.,Rowdy Herrington,"Patrick Swayze, Kelly Lynch, Sam Elliott, Ben Gazzara",43.372,"The Double Deuce is the meanest, loudest and rowdiest bar south of the Mason-Dixon Line, and Dalton (Patrick Swayze) has... [More]"
Unstoppable,2010,87,"As fast, loud, and relentless as the train at the center of the story, Unstoppable is perfect popcorn entertainment -- and director Tony Scott's best movie in years.",Tony Scott,"Denzel Washington, Chris Pine, Rosario Dawson, Kevin Dunn",93.228,"When a massive, unmanned locomotive roars out of control, the threat is more ominous than just a derailment. The train... [More]"
Shaft,1971,88,"This is the man that would risk his neck for his brother, man. Can you dig it?",Gordon Parks,"Richard Roundtree, Moses Gunn, Christopher St. John, Charles Cioffi",91.987,"John Shaft (Richard Roundtree) is the ultimate in suave black detectives. He first finds himself up against Bumpy (Moses Gunn),... [More]"
The Villainess,2017,85,The Villainess offers enough pure kinetic thrills to satisfy genre enthusiasts -- and carve out a bloody niche for itself in modern Korean action cinema.,Jeong Byeong-gil,"Kim Ok-bin, Shin Ha-kyun, Sung Joon, Kim Seo-hyung",90.83,"Honed from childhood to be an elite assassin, Sook-hee embarks on a rampage of violence and revenge to finally earn... [More]"
Highlander,1986,70,"People hate Highlander because it's cheesy, bombastic, and absurd. And people love it for the same reasons.",Russell Mulcahy,"Christopher Lambert, Sean Connery, Roxanne Hart, Clancy Brown",73.009,When the mystical Russell Nash (Christopher Lambert) kills a man in a sword fight in a New York City parking... [More]
Die Hard 2,1990,69,"It lacks the fresh thrills of its predecessor, but Die Hard 2 still works as an over-the-top -- and reasonably taut -- big-budget sequel, with plenty of set pieces to paper over the plot deficiencies.",Renny Harlin,"Bruce Willis, Bonnie Bedelia, William Atherton, Reginald VelJohnson",72.566,"A year after his heroics in L.A, detective John McClane (Bruce Willis) is mixed up in another terrorist plot, this... [More]"
National Treasure,2004,46,"National Treasure is no treasure, but it's a fun ride for those who can forgive its highly improbable plot.",Jon Turteltaub,"Nicolas Cage, Diane Kruger, Justin Bartha, Sean Bean",51.397,Historian and code-breaker Ben Gates (Nicolas Cage) has been searching his whole life for a rumored treasure dating back to... [More]
The Protector,2005,53,"Despite some impressive fight scenes, this trimmed-down version of the Thai action pic is an off-putting mix of scant plot, choppy editing, and confusing subtitles and dubbing.",Prachya Pinkaew,"Tony Jaa, Johnny Nguyen, Nathan Jones, Petchtai Wongkamlao",55.332,A young fighter (Tony Jaa) travels to Australia to retrieve stolen elephants that were promised originally to the king of... [More]
Revenge,2017,93,"Revenge slices and dices genre tropes, working within an exploitation framework while adding a timely -- yet never less than viscerally thrilling -- feminist spin.",Coralie Fargeat,"Matilda Lutz, Kevin Janssens, Vincent Colombe, Guillaume Bouchède",100.665,Jen is enjoying a romantic getaway with her wealthy boyfriend -- until his two sleazy friends arrive for an unannounced... [More]
El Mariachi,1992,91,"Made on a shoestring budget, El Mariachi's story is not new. However, the movie has so much energy that it's thoroughly enjoyable.",Robert Rodriguez,"Carlos Gallardo, Consuelo Gómez, Reinol Martinez, Peter Marquardt",96.267,El Mariachi (Carlos Gallardo) is a traveling guitar player with the modest desire to play music for a living. Looking... [More]
A Touch of Zen,1971,97,"A brilliantly directed feast for the eyes with an epic story to match, A Touch of Zen marks a groundbreaking achievement in the wuxia genre.",King Hu,"Feng Hsu, Chun Shih, Pai Ying, Roy Chiao",98.327,"Ku Shen Chai (Chun Shih), an unmotivated artist in his early 30s, still lives with his mother, but he is... [More]"
Top Gun,1986,58,"Though it features some of the most memorable and electrifying aereial footage shot with an expert eye for action, Top Gun offers too little for non-adolescent viewers to chew on when its characters aren't in the air.",Tony Scott,"Tom Cruise, Kelly McGillis, Anthony Edwards, Val Kilmer",63.501,The Top Gun Naval Fighter Weapons School is where the best of the best train to refine their elite flying... [More]
Con Air,1997,56,"Con Air won't win any awards for believability - and all involved seem cheerfully aware of it, making some of this blockbuster action outing's biggest flaws fairly easy to forgive.",Simon West,"Nicolas Cage, John Cusack, John Malkovich, Steve Buscemi",59.938,"Just-paroled army ranger Cameron Poe (Nicolas Cage) is headed back to his wife (Monica Potter), but must fly home aboard... [More]"
The Expendables 2,2012,67,"Taut, violent, and suitably self-deprecating, The Expendables 2 gives classic action fans everything they can reasonably expect from a star-studded shoot-'em-up -- for better and for worse.",Simon West,"Sylvester Stallone, Jason Statham, Jet Li, Dolph Lundgren",72.208,"Mercenary leader Barney Ross (Sylvester Stallone), Lee Christmas (Jason Statham) and the rest of the Expendables team reunite when Mr.... [More]"
The Mummy,1999,61,"It's difficult to make a persuasive argument for The Mummy as any kind of meaningful cinematic achievement, but it's undeniably fun to watch.",Stephen Sommers,"Brendan Fraser, Rachel Weisz, John Hannah, Arnold Vosloo",65.185,"The Mummy is a rousing, suspenseful and horrifying epic about an expedition of treasure-seeking explorers in the Sahara Desert in... [More]"
Mr. & Mrs. Smith,2005,60,"Although this action-romance suffers from weak writing and one too many explosions, the chemistry generated by onscreen couple Pitt and Jolie is palpable enough to make this a thoroughly enjoyable summer action flick.",Doug Liman,"Brad Pitt, Angelina Jolie, Vince Vaughn, Adam Brody",67.609,"John (Brad Pitt) and Jane Smith (Angelina Jolie), a couple in a stagnating marriage, live a deceptively mundane existence. However,... [More]"
Rush Hour,1998,61,A kick-ass addition to the cop-buddy film genre.,Brett Ratner,"Jackie Chan, Chris Tucker, Tom Wilkinson, Elizabeth Peña",63.785,"When a Chinese diplomat's daughter is kidnapped in Los Angeles, he calls in Hong Kong Detective Inspector Lee (Jackie Chan)... [More]"
The Equalizer,2014,60,"The Equalizer is more stylishly violent than meaningful, but with Antoine Fuqua behind the cameras and Denzel Washington dispensing justice, it delivers.",Antoine Fuqua,"Denzel Washington, Marton Csokas, Chloë Grace Moretz, David Harbour",67.531,"Robert McCall (Denzel Washington), a man of mysterious origin who believes he has put the past behind him, dedicates himself... [More]"
Captain America: Civil War,2016,90,Captain America: Civil War begins the next wave of Marvel movies with an action-packed superhero blockbuster boasting a decidedly non-cartoonish plot and the courage to explore thought-provoking themes.,"Anthony Russo, Joe Russo","Chris Evans, Robert Downey Jr., Scarlett Johansson, Sebastian Stan",117.318,Political pressure mounts to install a system of accountability when the actions of the Avengers lead to collateral damage. The... [More]
Air Force One,1997,78,"This late-period Harrison Ford actioner is full of palpable, if not entirely seamless, thrills.",Wolfgang Petersen,"Harrison Ford, Gary Oldman, Glenn Close, Wendy Crewson",80.414,"After making a speech in Moscow vowing to never negotiate with terrorists, President James Marshall (Harrison Ford) boards Air Force... [More]"
Bloodsport,1988,40,"This is where it all began for the Muscles from Brussels, but beyond Van Damme's athleticism, Bloodsport is a cliched, virtually plotless exercise in action movie recycling.",Newt Arnold,"Jean-Claude Van Damme, Donald Gibb, Leah Ayres, Norman Burton",40.197,"U.S. soldier Frank Dux (Jean-Claude Van Damme) has come to Hong Kong to be accepted into the Kumite, a highly... [More]"
Blade,1998,57,"Though some may find the plot a bit lacking, Blade's action is fierce, plentiful, and appropriately stylish for a comic book adaptation.",Stephen Norrington,"Wesley Snipes, Stephen Dorff, Kris Kristofferson, N'Bushe Wright",62.983,"A half-mortal, half-immortal is out to avenge his mother's death and rid the world of vampires. The modern-day technologically advanced... [More]"
Bad Boys,1995,42,"Bad Boys stars Will Smith and Martin Lawrence have enjoyable chemistry; unfortunately, director Michael Bay too often drowns it out with set pieces and explosions in place of an actual story.",Michael Bay,"Martin Lawrence, Will Smith, Tea Leoni, Tcheky Karyo",45.958,Miami-Dade detectives Mike Lowrey (Will Smith) and Marcus Burnett (Martin Lawrence) blow a fuse when $100 million worth of heroin... [More]
Die Hard With a Vengeance,1995,59,"Die Hard with a Vengeance benefits from Bruce Willis and Samuel L. Jackson's barbed interplay, but clatters to a bombastic finish in a vain effort to cover for an overall lack of fresh ideas.",John McTiernan,"Bruce Willis, Jeremy Irons, Samuel L. Jackson, Graham Greene",63.894,"Detective John McClane (Bruce Willis) is now divorced, alcoholic and jobless after getting fired for his reckless behavior and bad... [More]"
The Running Man,1987,66,The Running Man is winking sci-fi satire with ridiculous clothes and workmanlike direction.,Paul Michael Glaser,"Arnold Schwarzenegger, Maria Conchita Alonso, Richard Dawson, Yaphet Kotto",68.234,"In the year 2019, America is a totalitarian state where the favorite television program is ""The Running Man"" -- a... [More]"
Code of Silence,1985,70,No consensus yet.,Andrew Davis,"Chuck Norris, Henry Silva, Bert Remsen, Mike Genovese",70.955,"In Chicago, honor-driven Sgt. Eddie Cusack (Chuck Norris) and his team stake out a drug exchange involving notorious drug czar... [More]"
Shoot 'Em Up,2007,67,"As preposterous and over-the-top as Shoot 'Em Up may be, its humor and non-stop action make for a very enjoyable film.",Michael Davis,"Clive Owen, Paul Giamatti, Monica Bellucci, Daniel Pilon",73.75,"After saving a newborn infant from assassins, carrot-crunching gunman Mr. Smith (Clive Owen) teams up with a prostitute named DQ... [More]"
Crank,2006,61,"Crank's assaultive style and gleeful depravity may turn off casual action fans, but audiences seeking a strong dose of adrenaline will be thrilled by Jason Statham's raucous race against mortality.","Mark Neveldine, Brian Taylor","Jason Statham, Amy Smart, Jose Pablo Cantillo, Efren Ramirez",64.57,"Chev Chelios (Jason Statham), a hit man wanting to go straight, lets his latest target slip away, then he awakes... [More]"
Machete,2010,72,"Machete is messy, violent, shallow, and tasteless -- and that's precisely the point of one of the summer's most cartoonishly enjoyable films.",Robert Rodriguez,"Danny Trejo, Robert De Niro, Jessica Alba, Steven Seagal",79.27,"After nearly being killed during a violent fight with a powerful drug lord, a former Mexican Federale known as Machete... [More]"
Drive,2011,93,"With its hyper-stylized blend of violence, music, and striking imagery, Drive represents a fully realized vision of arthouse action.",Nicolas Winding Refn,"Ryan Gosling, Carey Mulligan, Bryan Cranston, Albert Brooks",102.631,"Driver is a skilled Hollywood stuntman who moonlights as a getaway driver for criminals. Though he projects an icy exterior,... [More]"
Batman,1989,71,"An eerie, haunting spectacle, Batman succeeds as dark entertainment, even if Jack Nicholson's Joker too often overshadows the title character.",Tim Burton,"Jack Nicholson, Michael Keaton, Kim Basinger, Robert Wuhl",77.481,"Having witnessed his parents' brutal murder as a child, millionaire philanthropist Bruce Wayne (Michael Keaton) fights crime in Gotham City... [More]"
Under Siege,1992,79,"A well-directed action thriller that makes the most of its confined setting, Under Siege marks a high point for early '90s action -- and its star's spotty filmography.",Andrew Davis,"Steven Seagal, Tommy Lee Jones, Gary Busey, Erika Eleniak",80.81,"A heroic loner takes on a group of nuclear terrorists in this seagoing tale. Posing as a rock band, the... [More]"
Independence Day,1996,68,"The plot is thin and so is character development, but as a thrilling, spectacle-filled summer movie, Independence Day delivers.",Roland Emmerich,"Will Smith, Bill Pullman, Jeff Goldblum, Mary McDonnell",71.586,"In the epic adventure film ""Independence Day,"" strange phenomena surface around the globe. The skies ignite. Terror races through the... [More]"
Bullitt,1968,98,Steve McQueen is cool as ice in this thrilling police procedural that also happens to contain arguably the greatest movie car chase ever.,Peter Yates,"Steve McQueen, Robert Vaughn, Jacqueline Bisset, Don Gordon",101.685,Senator Walter Chalmers (Robert Vaughn) is aiming to take down mob boss Pete Ross (Vic Tayback) with the help of... [More]
Wanted,2008,71,"Wanted is stylish, energetic popcorn fare with witty performances from Angelina Jolie (playing an expert assassin), James McAvoy, and Morgan Freeman that help to distract from its absurdly over-the-top plot.",Timur Bekmambetov,"James McAvoy, Morgan Freeman, Angelina Jolie, Terence Stamp",79.363,"Wesley Gibson (James McAvoy) is an office worker whose life is going nowhere. After his estranged father is murdered, he... [More]"
Superman: The Movie,1978,94,"Superman deftly blends humor and gravitas, taking advantage of the perfectly cast Christopher Reeve to craft a loving, nostalgic tribute to an American pop culture icon.",Richard Donner,"Christopher Reeve, Gene Hackman, Marlon Brando, Margot Kidder",101.342,"Just before the destruction of the planet Krypton, scientist Jor-El (Marlon Brando) sends his infant son Kal-El on a spaceship... [More]"
Ronin,1998,69,"Ronin earns comparisons to The French Connection with strong action, dynamic road chase scenes, and solid performances.",John Frankenheimer,"Robert De Niro, Jean Reno, Natascha McElhone, Stellan Skarsgard",71.526,"Deirdre (Natascha McElhone) puts together a team of experts that she tasks with stealing a valuable briefcase, the contents of... [More]"
They Live,1988,85,"A politically subversive blend of horror and sci fi, They Live is an underrated genre film from John Carpenter.",John Carpenter,"Roddy Piper, Keith David, Meg Foster, George ""Buck"" Flower",88.835,"Nada (Roddy Piper), a wanderer without meaning in his life, discovers a pair of sunglasses capable of showing the world... [More]"
Cliffhanger,1993,67,"While it can't escape comparisons to the movies it borrows from, Cliffhanger is a tense, action-packed thriller and a showcase for the talents that made Sylvester Stallone a star.",Renny Harlin,"Sylvester Stallone, John Lithgow, Michael Rooker, Janine Turner",71.327,Outdoor thriller in which a former mountain rescuer is pitted against a group of criminals who have lost their $100... [More]
Marvel's the Avengers,2012,91,"Thanks to a script that emphasizes its heroes' humanity and a wealth of superpowered set pieces, The Avengers lives up to its hype and raises the bar for Marvel at the movies.",Joss Whedon,"Robert Downey Jr., Chris Evans, Mark Ruffalo, Chris Hemsworth",106.026,"When Thor's evil brother, Loki (Tom Hiddleston), gains access to the unlimited power of the energy cube called the Tesseract,... [More]"
Hot Fuzz,2007,91,The brilliant minds behind Shaun of the Dead successfully take a shot at the buddy cop genre with Hot Fuzz. The result is a bitingly satiric and hugely entertaining parody.,Edgar Wright,"Simon Pegg, Nick Frost, Jim Broadbent, Paddy Considine",99.759,"As a former London constable, Nicholas Angel (Simon Pegg) finds if difficult to adapt to his new assignment in the... [More]"
The Warriors,1979,87,"As violent as it is stylish, The Warriors is a thrilling piece of pulp filmmaking.",Walter Hill,"Michael Beck, James Remar, Dorsey Wright, Brian Tyler",90.788,A turf battle between New York City street gangs that rages from Coney Island to the Bronx. The Warriors are... [More]
Starship Troopers,1997,66,A fun movie...if you can accept the excessive gore and wooden acting.,Paul Verhoeven,"Casper Van Dien, Dina Meyer, Denise Richards, Jake Busey",70.088,"In the distant future, the Earth is at war with a race of giant alien insects. Little is known about... [More]"
Elite Squad 2,2010,91,"Elite Squad: The Enemy Within is a bleak, violent descent into the Brazilian underbelly, ripping into the favelas with unstoppable and kinetic force.",José Padilha,"Wagner Moura, Irandhir Santos, André Ramiro, Pedro Van-Held",91.982,"Dirty cops and corrupt, powerful politicians threaten Nascimento (Wagner Moura).... [More]"
Point Break,1991,69,"Absurd, over-the-top, and often wildly entertaining, Point Break is here to show you that the human spirit is still alive.",Kathryn Bigelow,"Patrick Swayze, Keanu Reeves, Gary Busey, Lori Petty",73.019,"After a string of bizarre bank robberies in Southern California, with the crooks donning masks of various former presidents, a... [More]"
The Long Kiss Goodnight,1996,70,"Smart, sharp-witted, and fueled by enjoyably over-the-top action, The Long Kiss Goodnight makes up in impact what it lacks in consistent aim.",Renny Harlin,"Geena Davis, Samuel L. Jackson, Patrick Malahide, Craig Bierko",70.201,Schoolteacher and single mother Samantha Caine (Geena Davis) lives an average suburban life -- until she begins having strange memories... [More]
The Guest,2014,92,"Boasting enough intelligence to bolster its darkly violent thrills, The Guest offers another treat for genre fans from director Adam Wingard.",Adam Wingard,"Dan Stevens, Maika Monroe, Leland Orser, Sheila Kelley",95.417,A string of mysterious deaths leads a teenager to become suspicious of a soldier (Dan Stevens) who showed up on... [More]
Taken,2008,59,"Taken is undeniably fun with slick action, but is largely a brainless exercise.",Pierre Morel,"Liam Neeson, Maggie Grace, Famke Janssen, Leland Orser",65.05,"Bryan Mills (Liam Neeson), a former government operative, is trying to reconnect with his daughter, Kim (Maggie Grace). Then his... [More]"
300,2006,61,"A simple-minded but visually exciting experience, full of blood, violence, and ready-made movie quotes.",Zack Snyder,"Gerard Butler, Lena Headey, David Wenham, Dominic West",71.29,"In 480 B.C. a state of war exists between Persia, led by King Xerxes (Rodrigo Santoro), and Greece. At the... [More]"
True Lies,1994,71,"If it doesn't reach the heights of director James Cameron's and star Arnold Schwarzenegger's previous collaborations, True Lies still packs enough action and humor into its sometimes absurd plot to entertain.",James Cameron,"Arnold Schwarzenegger, Jamie Lee Curtis, Tom Arnold, Bill Paxton",74.145,"Secretly a spy but thought by his family to be a dull salesman, Harry Tasker (Arnold Schwarzenegger) is tracking down... [More]"
Demolition Man,1993,60,"A better-than-average sci-fi shoot-em-up with a satirical undercurrent, Demolition Man is bolstered by strong performances by Sylvester Stallone, Wesley Snipes, and Sandra Bullock.",Marco Brambilla,"Sylvester Stallone, Wesley Snipes, Sandra Bullock, Nigel Hawthorne",60.905,"With innocent victims caught in the crossfire in Los Angeles' intensifying war on crime, both cop John Spartan (Sylvester Stallone)... [More]"
Hardcore Henry,2015,51,"Hardcore Henry seems poised to reinvent the action flick, but without a story or characters worth caring about, its first-person gimmick quickly loses its thrill.",Ilya Naishuller,"Sharlto Copley, Danila Kozlovsky, Haley Bennett, Dasha Charusha",59.838,A man wakes up in a Moscow laboratory to learn that he's been brought back from the dead as a... [More]
Police Story,1985,93,"Blending brilliant physical comedy with thrillingly choreographed set pieces, Police Story makes a persuasive case for Jackie Chan as one of the all-time genre greats.","Jackie Chan, Chi-Hwa Chen","Jackie Chan, Brigitte Lin, Maggie Cheung, Bill Tung",93.736,A kung-fu policeman (Jackie Chan) must protect a female witness (Brigitte Lin) from a Hong Kong drug lord for whom... [More]
Brotherhood of the Wolf,2001,73,"Brotherhood of the Wolf mixes its genres with little logic, but the end result is wildly entertaining.",Christophe Gans,"Samuel Le Bihan, Mark Dacascos, Émilie Dequenne, Vincent Cassel",76.665,"In a rural province of France, a mysterious creature is laying waste to the countryside, savagely killing scores of women... [More]"
Kingsman: The Secret Service,2014,75,"Stylish, subversive, and above all fun, Kingsman: The Secret Service finds director Matthew Vaughn sending up the spy genre with gleeful abandon.",Matthew Vaughn,"Colin Firth, Michael Caine, Taron Egerton, Samuel L. Jackson",84.819,"Gary ""Eggsy"" Unwin (Taron Egerton), whose late father secretly worked for a spy organization, lives in a South London housing... [More]"
The Fifth Element,1997,71,"Visually inventive and gleefully over the top, Luc Besson's The Fifth Element is a fantastic piece of pop sci-fi that never takes itself too seriously.",Luc Besson,"Bruce Willis, Gary Oldman, Ian Holm, Milla Jovovich",74.088,"In the 23rd century, a New York City cabbie, Korben Dallas (Bruce Willis), finds the fate of the world in... [More]"
Big Trouble in Little China,1986,74,"Brimming with energy and packed with humor, Big Trouble in Little China distills kung fu B-movies as affectionately as it subverts them.",John Carpenter,"Kurt Russell, Kim Cattrall, Dennis Dun, James Hong",79.718,"Kurt Russell plays hard-boiled truck driver Jack Burton, who gets caught in a bizarre conflict within, and underneath, San Francisco's... [More]"
Atomic Blonde,2017,79,Atomic Blonde gets enough mileage out of its stylish action sequences -- and ever-magnetic star -- to make up for a narrative that's somewhat less hard-hitting than its protagonist.,David Leitch,"Charlize Theron, James McAvoy, Eddie Marsan, John Goodman",105.669,"Sensual and savage, Lorraine Broughton is the most elite spy in MI6, an agent who's willing to use all of... [More]"
Rumble in the Bronx,1995,80,An entertaining Jackie Chan stunt-fest in which the impressive action sequences overcome the low production value and by-the-numbers plot.,Stanley Tong,"Jackie Chan, Anita Mui, Bill Tung, Françoise Yip",81.437,"Hong Kong policeman Keung (Jackie Chan) arrives in New York for the wedding of his uncle Bill (Bill Tung), a... [More]"
District B13,2004,80,"A nonstop thrill ride, District B13's dizzying action sequences more than make up for any expository flaws.",Pierre Morel,"Cyril Raffaelli, David Belle, Tony D'Amario, Larbi Naceri",84.522,"In 21st-century Paris, a member (Cyril Raffaelli) of an elite police squad must enter a crime-ridden ghetto to defuse a... [More]"
Beverly Hills Cop,1984,83,"The buddy cop movie continues its evolution unabated with this Eddie Murphy vehicle that's fast, furious, and funny.",Martin Brest,"Eddie Murphy, Judge Reinhold, John Ashton, Lisa Eilbacher",87.048,"After his childhood buddy is murdered while visiting Detroit, rebellious cop Axel Foley (Eddie Murphy) follows the leads to Beverly... [More]"
Ong-Bak: The Thai Warrior,2003,85,"While Ong-Bak: The Thai Warrior may be no great shakes as a movie, critics are hailing the emergence of a new star in Tony Jaa, whose athletic performance is drawing comparisons with Bruce Lee, Jackie Chan, and Jet Li.",Prachya Pinkaew,"Tony Jaa, Pumwaree Yodkamol, Petchtai Wongkamlao, Suchao Pongwilai",88.871,"In Thailand, the impoverished village of Ban Nong Pradu has its most precious Buddha statue stolen from the temple. Luckily... [More]"
Collateral,2004,86,"Driven by director Michael Mann's trademark visuals and a lean, villainous performance from Tom Cruise, Collateral is a stylish and compelling noir thriller.",Michael Mann,"Tom Cruise, Jamie Foxx, Jada Pinkett Smith, Mark Ruffalo",94.836,A cab driver realizes his current fare is a hit man that has been having him drive around from mark... [More]
Iron Monkey,1993,91,"Iron Monkey may not have the poetic lyricism of Crouching Tiger, it makes up for it in fun and energy.",Woo-Ping Yuen,"Rongguang Yu, Donnie Yen, Sze-Man Tsang, Jean Wang",93.304,"In a desperate and unjust land, where government corruption rules the day, only one man has the courage to challenge... [More]"
Escape From New York,1981,86,"Featuring an atmospherically grimy futuristic metropolis, Escape from New York is a strange, entertaining jumble of thrilling action and oddball weirdness.",John Carpenter,"Kurt Russell, Ernest Borgnine, Adrienne Barbeau, Lee Van Cleef",91.433,"In 1997, a major war between the United States and the Soviet Union is concluding, and the entire island of... [More]"
Battle Royale,2000,88,"Battle Royale is a controversial and violent parable of adolescence, heightening teenage melodrama with life-or-death stakes.",Kinji Fukasaku,"Tatsuya Fujiwara, Aki Maeda, Taro Yamamoto, Masanobu Andô",88.127,"42 9th graders are sent to a deserted island. They are given a map, food, and various weapons. An explosive... [More]"
Spider-Man 2,2004,93,"Boasting an entertaining villain and deeper emotional focus, this is a nimble sequel that improves upon the original.",Sam Raimi,"Tobey Maguire, Kirsten Dunst, James Franco, Alfred Molina",103.406,"When a failed nuclear fusion experiment results in an explosion that kills his wife, Dr. Otto Octavius (Alfred Molina) is... [More]"
13 Assassins,2010,95,"Takashi Miike's electric remake of Eiichi Kudo's 1963 period action film is a wild spectacle executed with killer, dizzying panache.",Takashi Miike,"Koji Yakusho, Takayuki Yamada, Yusuke Iseya, Goro Inagaki",99.686,"In this remake of a 1963 film based on historical events, Shinzaemon Shimada (Koji Yakusho) leads a team of assassins... [More]"
Full Contact,1992,88,No consensus yet.,Ringo Lam,"Chow Yun-Fat, Simon Yam, Bonnie Fu, Wong Chow-Sang",67.431,"Jeff (Chow Yun-Fat), who works as a nightclub bouncer in Bangkok, saves his friend Sam (Wong Chow-Sang) from a beating... [More]"
Indiana Jones and the Last Crusade,1989,88,"Lighter and more comedic than its predecessor, Indiana Jones and the Last Crusade returns the series to the brisk serial adventure of Raiders, while adding a dynamite double act between Harrison Ford and Sean Connery.",Steven Spielberg,"Harrison Ford, Sean Connery, Denholm Elliott, Alison Doody",93.092,An art collector appeals to Jones to embark on a search for the Holy Grail. He learns that another archaeologist... [More]
Kung Fu Hustle,2004,91,"Kung Fu Hustle blends special effects, martial arts, and the Looney Toons to hilarious effect.",Stephen Chow,"Stephen Chow, Yuen Wah, Yuen Qiu, Siu-Lung Leung",97.491,"When the hapless Sing (Stephen Chow) and his dim-witted pal, Bone (Feng Xiaogang), try to scam the residents of Pig... [More]"
A Better Tomorrow,1986,93,No consensus yet.,John Woo,"Ti Lung, Chow Yun-Fat, Leslie Cheung, Emily Chu",92.517,A Hong Kong policeman (Leslie Cheung) blames his reformed-gangster brother (Chow Yun-Fat) for the death of their father.... [More]
Iron Man,2008,94,"Powered by Robert Downey Jr.'s vibrant charm, Iron Man turbo-charges the superhero genre with a deft intelligence and infectious sense of fun.",Jon Favreau,"Robert Downey Jr., Terrence Howard, Gwyneth Paltrow, Jeff Bridges",104.588,"A billionaire industrialist and genius inventor, Tony Stark (Robert Downey Jr.), is conducting weapons tests overseas, but terrorists kidnap him... [More]"
The Night Comes for Us,2018,91,"A bloody thrill ride designed to test the limits of more squeamish viewers, The Night Comes for Us wields a stylishly violent, action-packed punch.",Timo Tjahjanto,"Joe Taslim, Iko Uwais, Julie Estelle, Sunny Pang",91.118,"Ito, a gangland enforcer, is caught amidst a treacherous and violent insurrection within his Triad crime family.... [More]"
Logan,2017,94,"Hugh Jackman makes the most of his final outing as Wolverine with a gritty, nuanced performance in a violent but surprisingly thoughtful superhero action film that defies genre conventions.",James Mangold,"Hugh Jackman, Patrick Stewart, Dafne Keen, Richard E. Grant",125.221,"In the near future, a weary Logan (Hugh Jackman) cares for an ailing Professor X (Patrick Stewart) at a remote... [More]"
Goldfinger,1964,99,"Goldfinger is where James Bond as we know him comes into focus - it features one of 007's most famous lines (""A martini. Shaken, not stirred."") and a wide range of gadgets that would become the series' trademark.",Guy Hamilton,"Sean Connery, Gert Frobe, Honor Blackman, Shirley Eaton",104.48,"Special agent 007 (Sean Connery) comes face to face with one of the most notorious villains of all time, and... [More]"
Assault on Precinct 13,1976,96,"Lean, taut and compellingly gritty, John Carpenter's loose update of Rio Bravo ranks as a cult action classic and one of the filmmaker's best.",John Carpenter,"Austin Stoker, Darwin Joston, Laurie Zimmer, Martin West",99.053,"When the LAPD kills several members of the South Central gang Street Thunder, the remaining members avenge themselves by way... [More]"
Wonder Woman,2017,93,"Thrilling, earnest, and buoyed by Gal Gadot's charismatic performance, Wonder Woman succeeds in spectacular fashion.",Patty Jenkins,"Gal Gadot, Chris Pine, Connie Nielsen, Robin Wright",127.984,"Before she was Wonder Woman (Gal Gadot), she was Diana, princess of the Amazons, trained to be an unconquerable warrior.... [More]"
The Chinese Connection,1972,83,No consensus yet.,Lo Wei,"Bruce Lee, Miao Ker Hsiu, James Tien, Robert Baker",83.347,"Chen Zhen (Bruce Lee) has left his homeland of China and relocated to stay with family in Thailand. Chen, who... [More]"
Captain America: The Winter Soldier,2014,90,"Suspenseful and politically astute, Captain America: The Winter Soldier is a superior entry in the Avengers canon and is sure to thrill Marvel diehards.","Anthony Russo, Joe Russo","Chris Evans, Scarlett Johansson, Samuel L. Jackson, Sebastian Stan",102.371,"After the cataclysmic events in New York with his fellow Avengers, Steve Rogers, aka Captain America (Chris Evans), lives in... [More]"
Oldboy,2003,81,"Violent and definitely not for the squeamish, Park Chan-Wook's visceral Oldboy is a strange, powerful tale of revenge.",Park Chan-wook,"Choi Min-sik, Yoo Ji-tae, Kang Hye-jung, Ji Dae-han",86.748,"Dae-Su is an obnoxious drunk bailed from the police station yet again by a friend. However, he's abducted from the... [More]"
The French Connection,1971,98,"Realistic, fast-paced and uncommonly smart, The French Connection is bolstered by stellar performances by Gene Hackman and Roy Scheider, not to mention William Friedkin's thrilling production.",William Friedkin,"Gene Hackman, Fernando Rey, Roy Scheider, Tony Lo Bianco",105.974,"New York Detective ""Popeye"" Doyle (Gene Hackman) and his partner (Roy Scheider) chase a French heroin smuggler.... [More]"
Furious 7,2015,82,"Serving up a fresh round of over-the-top thrills while adding unexpected dramatic heft, Furious 7 keeps the franchise moving in more ways than one.",James Wan,"Vin Diesel, Paul Walker, Dwayne Johnson, Michelle Rodriguez",92.401,"After defeating international terrorist Owen Shaw, Dominic Toretto (Vin Diesel), Brian O'Conner (Paul Walker) and the rest of the crew... [More]"
La Femme Nikita,1990,89,A zany out-of-control thriller that gives lead Anne Parillaud a big character arc and plenty of emotional room to work within.,Luc Besson,"Anne Parillaud, Jean-Hugues Anglade, Tcheky Karyo, Jeanne Moreau",91.033,"Convicted felon Nikita (Anne Parillaud), instead of going to jail, is given a new identity and trained to be a... [More]"
Supercop,1992,96,"Blending hand-to-hand combat with breathtaking stunts and slapstick comedy, Supercop reminds us why Jackie Chan is one of the world's great entertainers.",Stanley Tong,"Jackie Chan, Michelle Yeaoh, Maggie Cheung, Ken Tsang",98.747,"To infiltrate a drug cartel, police Inspector Chan Ka Kui (Jackie Chan) goes undercover in a Chinese prison. There, he... [More]"
Dirty Harry,1971,88,"As tough and taciturn as its no-nonsense hero, Dirty Harry delivers a deceptively layered message without sacrificing an ounce of its solid action impact.",Don Siegel,"Clint Eastwood, Harry Guardino, Reni Santoni, John Larch",91.818,Cop Harry Callahan (Clint Eastwood) attempts to track down a psychopathic rooftop killer before a kidnapped girl dies. When he... [More]
Edge of Tomorrow,2014,91,"Gripping, well-acted, funny, and clever, Edge of Tomorrow offers entertaining proof that Tom Cruise is still more than capable of shouldering the weight of a blockbuster action thriller.",Doug Liman,"Tom Cruise, Emily Blunt, Brendan Gleeson, Bill Paxton",104.357,"When Earth falls under attack from invincible aliens, no military unit in the world is able to beat them. Maj.... [More]"
X2,2003,85,"Tightly scripted, solidly acted, and impressively ambitious, X2: X-Men United is bigger and better than its predecessor -- and a benchmark for comic sequels in general.",Bryan Singer,"Patrick Stewart, Hugh Jackman, Ian McKellen, Halle Berry",92.706,"Stryker (Brian Cox), a villianous former Army commander, holds the key to Wolverine's (Hugh Jackman) past and the future of... [More]"
The Fugitive,1993,96,"Exhilarating and intense, this high-impact chase thriller is a model of taut and efficient formula filmmaking, and it features Harrison Ford at his frantic best.",Andrew Davis,"Harrison Ford, Tommy Lee Jones, Sela Ward, Julianne Moore",102.651,"Wrongfully accused of murdering his wife, Richard Kimble (Harrison Ford) escapes from the law in an attempt to find her... [More]"
Black Panther,2018,96,Black Panther elevates superhero cinema to thrilling new heights while telling one of the MCU's most absorbing stories -- and introducing some of its most fully realized characters.,Ryan Coogler,"Chadwick Boseman, Michael B. Jordan, Lupita Nyong'o, Danai Gurira",128.696,"After the death of his father, T'Challa returns home to the African nation of Wakanda to take his rightful place... [More]"
Inception,2010,87,"Smart, innovative, and thrilling, Inception is that rare summer blockbuster that succeeds viscerally as well as intellectually.",Christopher Nolan,"Leonardo DiCaprio, Joseph Gordon-Levitt, Ellen Page, Tom Hardy",101.353,Dom Cobb (Leonardo DiCaprio) is a thief with the rare ability to enter people's dreams and steal their secrets from... [More]
Braveheart,1995,79,"Distractingly violent and historically dodgy, Mel Gibson's Braveheart justifies its epic length by delivering enough sweeping action, drama, and romance to match its ambition.",Mel Gibson,"Mel Gibson, Sophie Marceau, Patrick McGoohan, Catherine McCormack",83.508,Tells the story of the legendary thirteenth century Scottish hero named William Wallace (Mel Gibson). Wallace rallies the Scottish against... [More]
Minority Report,2002,90,"Thought-provoking and visceral, Steven Spielberg successfully combines high concept ideas and high octane action in this fast and febrile sci-fi thriller.",Steven Spielberg,"Tom Cruise, Colin Farrell, Samantha Morton, Max von Sydow",97.596,"Based on a story by famed science fiction writer Philip K. Dick, ""Minority Report"" is an action-detective thriller set in... [More]"
Avengers: Endgame,2019,94,"Exciting, entertaining, and emotionally impactful, Avengers: Endgame does whatever it takes to deliver a satisfying finale to Marvel's epic Infinity Saga.","Anthony Russo, Joe Russo","Robert Downey Jr., Chris Evans, Mark Ruffalo, Chris Hemsworth",127.892,"Adrift in space with no food or water, Tony Stark sends a message to Pepper Potts as his oxygen supply... [More]"
Dredd,2012,79,"Fueled by bombastic violence and impressive special effects, rooted in self-satire and deadpan humor, Dredd 3D does a remarkable job of capturing its source material's gritty spirit.",Pete Travis,"Karl Urban, Olivia Thirlby, Lena Headey, Wood Harris",85.904,"Mega City One is a vast, violent metropolis where felons rule the streets. The only law lies with cops called... [More]"
The Bourne Identity,2002,83,"Expertly blending genre formula with bursts of unexpected wit, The Bourne Identity is an action thriller that delivers -- and then some.",Doug Liman,"Matt Damon, Franka Potente, Chris Cooper, Clive Owen",89.317,"The story of a man (Matt Damon), salvaged, near death, from the ocean by an Italian fishing boat. When he... [More]"
Ip Man,2008,86,"At once beholden to the established conventions of the genre and delightfully subversive of them, Ip Man is one of the most exciting -- and refreshingly character-driven -- martial arts films in years.",Wilson Yip,"Donnie Yen, Simon Yam, Siu-wong Fan, Ka Tung Lam",85.273,"The life story of Yip Man, the first person to teach the Chinese martial art of Wing Chun.... [More]"
Face/Off,1997,92,"John Travolta and Nicolas Cage play cat-and-mouse (and literally play each other) against a beautifully stylized backdrop of typically elegant, over-the-top John Woo violence.",John Woo,"John Travolta, Nicolas Cage, Joan Allen, Alessandro Nivola",96.509,"Obsessed with bringing terrorist Castor Troy (Nicolas Cage) to justice, FBI agent Sean Archer (John Travolta) tracks down Troy, who... [More]"
To Live and Die in L.A.,1985,85,"With coke fiends, car chases, and Wang Chung galore, To Live and Die in L.A. is perhaps the ultimate '80s action/thriller.",William Friedkin,"William L. Petersen, Willem Dafoe, John Pankow, Debra Feuer",87.494,"When his longtime partner on the force is killed, reckless U.S. Secret Service agent Richard Chance (William L. Petersen) vows... [More]"
The Dark Knight,2008,94,"Dark, complex, and unforgettable, The Dark Knight succeeds not just as an entertaining comic book film, but as a richly thrilling crime saga.",Christopher Nolan,"Christian Bale, Heath Ledger, Aaron Eckhart, Michael Caine",107.455,"With the help of allies Lt. Jim Gordon (Gary Oldman) and DA Harvey Dent (Aaron Eckhart), Batman (Christian Bale) has... [More]"
Mission: Impossible -- Ghost Protocol,2011,93,"Stylish, fast-paced, and loaded with gripping set pieces, the fourth Mission: Impossible is big-budget popcorn entertainment that really works.",Brad Bird,"Tom Cruise, Jeremy Renner, Simon Pegg, Paula Patton",102.813,"Blamed for a terrorist attack on the Kremlin, Ethan Hunt (Tom Cruise) and the entire IMF agency are disavowed by... [More]"
Fast Five,2011,77,"Sleek, loud, and over the top, Fast Five proudly embraces its brainless action thrills and injects new life into the franchise.",Justin Lin,"Vin Diesel, Paul Walker, Jordana Brewster, Tyrese Gibson",84.788,Ever since ex-cop Brian O'Conner (Paul Walker) and Mia Torretto (Jordana Brewster) broke her brother Dom (Vin Diesel) out of... [More]
Lethal Weapon,1987,80,"The most successful installment in a phenomenally successful series, Lethal Weapon helped redefine action movies for the 1980s and 1990s.",Richard Donner,"Mel Gibson, Danny Glover, Gary Busey, Mitchell Ryan",84.389,"Following the death of his wife, Los Angeles police detective Martin Riggs (Mel Gibson) becomes reckless and suicidal. When he... [More]"
The Rock,1996,68,"For visceral thrills, it can't be beat. Just don't expect The Rock to engage your brain.",Michael Bay,"Sean Connery, Nicolas Cage, Ed Harris, Michael Biehn",71.942,"FBI chemical warfare expert Stanley Goodspeed (Nicolas Cage) is sent on an urgent mission with a former British spy, John... [More]"
RoboCop,1987,90,"While over-the-top and gory, Robocop is also a surprisingly smart sci-fi flick that uses ultraviolence to disguise its satire of American culture.",Paul Verhoeven,"Peter Weller, Nancy Allen, Ronny Cox, Daniel O'Herlihy",95.736,"In a violent, near-apocalyptic Detroit, evil corporation Omni Consumer Products wins a contract from the city government to privatize the... [More]"
John Wick: Chapter 2,2017,89,"John Wick: Chapter 2 does what a sequel should -- which in this case means doubling down on the non-stop, thrillingly choreographed action that made its predecessor so much fun.",Chad Stahelski,"Keanu Reeves, Common, Laurence Fishburne, Riccardo Scamarcio",108.757,Retired super-assassin John Wick's plans to resume a quiet civilian life are cut short when Italian gangster Santino D'Antonio shows... [More]
Casino Royale,2006,94,"Casino Royale disposes of the silliness and gadgetry that plagued recent James Bond outings, and Daniel Craig delivers what fans and critics have been waiting for: a caustic, haunted, intense reinvention of 007.",Martin Campbell,"Daniel Craig, Eva Green, Mads Mikkelsen, Judi Dench",105.567,"After receiving a license to kill, British Secret Service agent James Bond (Daniel Craig) heads to Madagascar, where he uncovers... [More]"
Baby Driver,2017,92,"Stylish, exciting, and fueled by a killer soundtrack, Baby Driver hits the road and it's gone -- proving fast-paced action movies can be smartly written without sacrificing thrills.",Edgar Wright,"Ansel Elgort, Kevin Spacey, Lily James, Jon Bernthal",122.016,Talented getaway driver Baby (Ansel Elgort) relies on the beat of his personal soundtrack to be the best in the... [More]
Fist of Legend,1994,100,No consensus yet.,Gordon Chan,"Jet Li, Chin Siu Ho, Billy Chow, Yasuaki Kurata",80.094,"Chinese martial arts student Chen Zhen (Jet Li) is studying in Kyoto, Japan, when he learns his mentor has died... [More]"
The Killer,1989,98,The Killer is another hard-boiled action flick from John Woo featuring eye-popping balletic violence and philosophical underpinnings.,John Woo,"Chow Yun-Fat, Danny Lee, Sally Yeh, Kenneth Tsang",99.886,"Mob assassin Jeffrey (Chow Yun-Fat) is no ordinary hired gun; the best in his business, he views his chosen profession... [More]"
The Raid 2,2014,82,"Although its high-energy plot and over-the-top violence may play better with genre aficionados, The Raid 2 definitely delivers more of everything audiences loved about its predecessor.",Gareth Evans,"Iko Uwais, Yayan Ruhian, Arifin Putra, Oka Antara",88.216,"After surviving a bloody fight with powerful gangsters, rookie Jakarta cop Rama (Iko Uwais) thinks he can resume a normal... [More]"
Enter the Dragon,1973,95,"Badass to the max, Enter the Dragon is the ultimate kung-fu movie and fitting (if untimely) Bruce Lee swan song.",Robert Clouse,"Bruce Lee, John Saxon, Jim Kelly, Ahna Capri",99.118,Bruce Lee plays a martial-arts expert determined to help capture the narcotics dealer whose gang was responsible for the death... [More]
Commando,1985,69,"The ultimate '80s Schwarzenegger movie, replete with a threadbare plot, outsized action, and endless one-liners.",Mark L. Lester,"Arnold Schwarzenegger, Rae Dawn Chong, Dan Hedaya, Vernon Wells",70.42,"Retired Special Forces soldier John Matrix (Arnold Schwarzenegger) lives with daughter Jenny (Alyssa Milano) in isolation, but his privacy is... [More]"
First Blood,1982,85,"Much darker and more sensitive than the sequels it spawned, First Blood is a thrilling survival adventure that takes full advantage of Sylvester Stallone's acting skills.",Ted Kotcheff,"Sylvester Stallone, Richard Crenna, Brian Dennehy, David Caruso",87.673,Vietnam veteran and drifter John J. Rambo (Sylvester Stallone) wanders into a small Washington town in search of an old... [More]
Mission: Impossible Rogue Nation,2015,94,Mission: Impossible Rogue Nation continues the franchise's thrilling resurgence -- and proves that Tom Cruise remains an action star without equal.,Christopher McQuarrie,"Tom Cruise, Jeremy Renner, Simon Pegg, Rebecca Ferguson",106.595,"With the IMF now disbanded and Ethan Hunt (Tom Cruise) out in the cold, a new threat -- called the... [More]"
The Terminator,1984,100,"With its impressive action sequences, taut economic direction, and relentlessly fast pace, it's clear why The Terminator continues to be an influence on sci-fi and action flicks.",James Cameron,"Arnold Schwarzenegger, Linda Hamilton, Michael Biehn, Paul Winfield",105.191,"Disguised as a human, a cyborg assassin known as a Terminator (Arnold Schwarzenegger) travels from 2029 to 1984 to kill... [More]"
Gladiator,2000,77,Ridley Scott and an excellent cast successfully convey the intensity of Roman gladitorial combat as well as the political intrigue brewing beneath.,Ridley Scott,"Russell Crowe, Joaquin Phoenix, Connie Nielsen, Oliver Reed",84.95,"Commodus (Joaquin Phoenix) takes power and strips rank from Maximus (Russell Crowe), one of the favored generals of his predecessor... [More]"
Kill Bill: Vol. 1,2003,85,Kill Bill is admittedly little more than a stylish revenge thriller -- albeit one that benefits from a wildly inventive surfeit of style.,Quentin Tarantino,"Uma Thurman, Lucy Liu, Vivica A. Fox, Michael Madsen",92.352,"A former assassin, known simply as The Bride (Uma Thurman), wakes from a coma four years after her jealous ex-lover... [More]"
The Professional,1994,74,Pivoting on the unusual relationship between seasoned hitman and his 12-year-old apprentice -- a breakout turn by young Natalie Portman -- Luc Besson's Léon is a stylish and oddly affecting thriller.,Luc Besson,"Jean Reno, Gary Oldman, Natalie Portman, Danny Aiello",77.147,"Mathilda (Natalie Portman) is only 12 years old, but is already familiar with the dark side of life: her abusive... [More]"
Speed,1994,94,"A terrific popcorn thriller, Speed is taut, tense, and energetic, with outstanding performances from Keanu Reeves, Dennis Hopper, and Sandra Bullock.",Jan de Bont,"Keanu Reeves, Dennis Hopper, Sandra Bullock, Joe Morton",98.622,Los Angeles police officer Jack (Keanu Reeves) angers retired bomb squad member Howard Payne (Dennis Hopper) by foiling his attempt... [More]
Drunken Master II,1994,84,Jackie Chan sends up some amazing and entertaining fight sequences in The Legend of Drunken Master.,Chia-Liang Liu,"Jackie Chan, Ti Lung, Anita Mui, Kar-leung Lau",85.544,"From a land where honor and tradition reign, comes the legend of a martial-arts hero unlike any other -- the... [More]"
John Wick,2014,86,"Stylish, thrilling, and giddily kinetic, John Wick serves as a satisfying return to action for Keanu Reeves -- and what looks like it could be the first of a franchise.",Chad Stahelski,"Keanu Reeves, Michael Nyqvist, Alfie Allen, Willem Dafoe",95.285,Legendary assassin John Wick (Keanu Reeves) retired from his violent career after marrying the love of his life. Her sudden... [More]
"Crouching Tiger, Hidden Dragon",2000,97,"The movie that catapulted Ang Lee into the ranks of upper echelon Hollywood filmmakers, Crouching Tiger, Hidden Dragon features a deft mix of amazing martial arts battles, beautiful scenery, and tasteful drama.",Ang Lee,"Chow Yun-Fat, Michelle Yeoh, Zhang Ziyi, Chen Chang",103.045,"In 19th century Qing Dynasty China, a warrior (Chow Yun-Fat) gives his sword, Green Destiny, to his lover (Michelle Yeoh)... [More]"
Predator,1987,82,"Predator: Part sci-fi, part horror, part action -- all muscle.",John McTiernan,"Arnold Schwarzenegger, Carl Weathers, Jesse Ventura, Elpidia Carrillo",84.715,"Dutch (Arnold Schwarzenegger), a soldier of fortune, is hired by the U.S. government to secretly rescue a group of politicians... [More]"
The Bourne Ultimatum,2007,92,"The Bourne Ultimatum is an intelligent, finely tuned non-stop thrill ride. Another strong performance from Matt Damon and sharp camerawork from Paul Greengrass make this the finest installment of the Bourne trilogy.",Paul Greengrass,"Matt Damon, Julia Stiles, Joan Allen, David Strathairn",102.869,Jason Bourne (Matt Damon) continues his international quest to uncover his true identity. From Russia to Europe to northern Africa... [More]
Total Recall,1990,82,"Under Paul Verhoeven's frenetic direction, Total Recall is a fast-paced rush of violence, gore, and humor that never slacks.",Paul Verhoeven,"Arnold Schwarzenegger, Rachel Ticotin, Sharon Stone, Ronny Cox",87.435,Douglas Quaid (Arnold Schwarzenegger) is a bored construction worker in the year 2084 who dreams of visiting the colonized Mars.... [More]
Mad Max 2,1981,94,"The Road Warrior is everything a bigger-budgeted Mad Max sequel with should be: bigger, faster, louder, but definitely not dumber.",George Miller,"Mel Gibson, Bruce Spence, Emil Minty, Vernon Wells",97.875,"After avenging the death of his wife and young son at the hands of a vicious gang leader, Max (Mel... [More]"
Heat,1995,87,"Though Al Pacino and Robert De Niro share but a handful of screen minutes together, Heat is an engrossing crime drama that draws compelling performances from its stars -- and confirms Michael Mann's mastery of the genre.",Michael Mann,"Al Pacino, Robert De Niro, Val Kilmer, Jon Voight",92.592,"Master criminal Neil McCauley (Robert De Niro) is trying to control the rogue actions of one of his men, while... [More]"
The Raid: Redemption,2011,87,"No frills and all thrills, The Raid: Redemption is an inventive action film expertly paced and edited for maximum entertainment.",Gareth Huw Evans,"Iko Uwais, Joe Taslim, Doni Alamsyah, Yayan Ruhian",93.089,"A rookie member of an elite team of commandos, Rama (Iko Uwais) is instructed to hang back while his comrades-in-arms... [More]"
Mission: Impossible -- Fallout,2018,97,"Fast, sleek, and fun, Mission: Impossible - Fallout lives up to the ""impossible"" part of its name by setting yet another high mark for insane set pieces in a franchise full of them.",Christopher McQuarrie,"Tom Cruise, Henry Cavill, Ving Rhames, Simon Pegg",124.052,Ethan Hunt and the IMF team join forces with CIA assassin August Walker to prevent a disaster of epic proportions.... [More]
Raiders of the Lost Ark,1981,95,"Featuring bravura set pieces, sly humor, and white-knuckle action, Raiders of the Lost Ark is one of the most consummately entertaining adventure pictures of all time.",Steven Spielberg,"Harrison Ford, Karen Allen, Paul Freeman, Wolf Kahler",102.285,"Dr. Indiana Jones, a renowned archeologist and expert in the occult, is hired by the U.S. Government to find the... [More]"
Aliens,1986,97,"While Alien was a marvel of slow-building, atmospheric tension, Aliens packs a much more visceral punch, and features a typically strong performance from Sigourney Weaver.",James Cameron,"Sigourney Weaver, Carrie Henn, Michael Biehn, Paul Reiser",104.452,"After floating in space for 57 years, Lt. Ripley's (Sigourney Weaver) shuttle is found by a deep space salvage team.... [More]"
Hard-Boiled,1992,94,"Boasting impactful action as well as surprising emotional resonance, Hard Boiled is a powerful thriller that hits hard in more ways than one.",John Woo,"Chow Yun-Fat, Bowie Lam, Philip Chan, Tony Leung Chiu Wai",96.488,A cop who loses his partner in a shoot-out with gun smugglers goes on a mission to catch them. In... [More]
The Matrix,1999,88,"Thanks to the Wachowskis' imaginative vision, The Matrix is a smartly crafted combination of spectacular action and groundbreaking special effects.","Andy Wachowski, Larry Wachowski","Keanu Reeves, Laurence Fishburne, Carrie-Anne Moss, Hugo Weaving",94.059,"Neo (Keanu Reeves) believes that Morpheus (Laurence Fishburne), an elusive figure considered to be the most dangerous man alive, can... [More]"
Terminator 2: Judgment Day,1991,93,"T2 features thrilling action sequences and eye-popping visual effects, but what takes this sci-fi/ action landmark to the next level is the depth of the human (and cyborg) characters.",James Cameron,"Arnold Schwarzenegger, Linda Hamilton, Edward Furlong, Robert Patrick",98.529,"In this sequel set eleven years after ""The Terminator,"" young John Connor (Edward Furlong), the key to civilization's victory over... [More]"
Die Hard,1988,94,Its many imitators (and sequels) have never come close to matching the taut thrills of the definitive holiday action classic.,John McTiernan,"Bruce Willis, Alan Rickman, Bonnie Bedelia, Reginald VelJohnson",99.27,New York City policeman John McClane (Bruce Willis) is visiting his estranged wife (Bonnie Bedelia) and two daughters on Christmas... [More]
Mad Max: Fury Road,2015,97,"With exhilarating action and a surprising amount of narrative heft, Mad Max: Fury Road brings George Miller's post-apocalyptic franchise roaring vigorously back to life.",George Miller,"Tom Hardy, Charlize Theron, Nicholas Hoult, Hugh Keays-Byrne",114.43,"Years after the collapse of civilization, the tyrannical Immortan Joe enslaves apocalypse survivors inside the desert fortress the Citadel. When... [More]"
